wardNumber,name,zone,minLat,maxLat,minLng,maxLng
1,Kempegowda Ward,Yelahanka,13.0859083,13.1343073,77.5851949,77.6302409
2,Chowdeswari Ward,Yelahanka,13.1018215,13.1426195,77.5625217,77.597201
3,Someshwara Ward,Yelahanka,13.0866283,13.1164264,77.5615912,77.5865149
4,Atturu Layout,Yelahanka,13.0817031,13.1139094,77.5407137,77.5700954
5,Yelahanka Satellite Town,Yelahanka,13.0760693,13.1049449,77.577156,77.5963666
6,Kogilu,Yelahanka,13.0765433,13.1316007,77.6073106,77.6503199
7,Thanisandra,Yelahanka,13.0407179,13.0817969,77.6263701,77.6415136
8,Jakkuru,Yelahanka,13.0383202,13.0944525,77.5999893,77.6337634
9,Amrutahalli,Yelahanka,13.0477718,13.0734388,77.5927127,77.6183439
10,Kempapura,Yelahanka,13.0382057,13.0646609,77.5779039,77.6136086
11,Byatarayanapura,Yelahanka,13.0584288,13.0980794,77.5600718,77.6028615
12,Kodigehalli,Yelahanka,13.0455929,13.0665671,77.5641453,77.5839147
13,Dodda Bommasandra,Yelahanka,13.0400016,13.0698842,77.5479885,77.5718897
14,Vidyaranyapura,Yelahanka,13.0630287,13.0861859,77.5515473,77.5656477
15,Kuvempunagar,Yelahanka,13.0543204,13.0899733,77.5294219,77.5601047
16,Kammagondanahalli,East,13.0548276,13.093068,77.5179571,77.5407137
17,Shettihalli,Dasarahalli,13.0459104,13.0780066,77.4926283,77.5329521
18,Bagalakunte,Dasarahalli,13.047384,13.063831,77.4909557,77.5072994
19,Defence Colony,Dasarahalli,13.0433201,13.0615097,77.4957453,77.5143182
20,Mallasandra,Dasarahalli,13.046537,13.0612273,77.5079058,77.5203821
21,T Dasarahalli,Dasarahalli,13.0398903,13.0505153,77.5050592,77.5221981
22,Chokkasandra,Dasarahalli,13.0282485,13.0443842,77.4961106,77.5184413
23,Nelagadderanahalli,Dasarahalli,13.0063964,13.0370124,77.4935511,77.5167546
24,Rajagopal Nagar,Dasarahalli,13.0124646,13.0367314,77.5103714,77.5267856
25,Rajeshwari Nagar,RR Nagar,13.0052482,13.0164981,77.5054823,77.5199105
26,Hegganahalli,Dasarahalli,12.9971192,13.0095416,77.4978384,77.519369
27,Sunkadakatte,Dasarahalli,12.9885701,13.0064281,77.49323,77.5066436
28,Dodda Bidarakallu,RR Nagar,13.0032292,13.0515647,77.4728395,77.4992953
29,Vidyamanyanagar,RR Nagar,12.9849708,13.0156288,77.4717548,77.4999908
30,Herohalli,RR Nagar,12.9762209,13.0008388,77.4810388,77.5014782
31,Doddagollarahatti,RR Nagar,12.9375075,12.9954612,77.4684461,77.4985121
32,Ullal,RR Nagar,12.9212352,12.9641192,77.4777849,77.500079
33,Kengeri,RR Nagar,12.9097199,12.9370587,77.4790362,77.4992055
34,Bande Mutt,RR Nagar,12.897565,12.9331024,77.4598797,77.5118194
35,Hemmigepura,RR Nagar,12.8397015,12.9230089,77.4621025,77.552022
36,Chatrapati Shivaji,RR Nagar,13.014875,13.0334972,77.532635,77.5558611
37,Chanakya,RR Nagar,13.0191903,13.0323227,77.5505788,77.5590878
38,J P Park,RR Nagar,13.0285476,13.0436794,77.5429543,77.5599756
39,Kanneshwara Rama,RR Nagar,13.0324367,13.056729,77.5329686,77.5609627
40,Veeramadakari,RR Nagar,13.0257904,13.0548294,77.5184413,77.5501839
41,Peenya,RR Nagar,13.015444,13.0398903,77.5178356,77.5372223
42,Lakshmi Devi Nagar,RR Nagar,13.0092641,13.0215204,77.5196449,77.531212
43,Ranadheera Kanteerava,RR Nagar,12.9996789,13.012689,77.5172988,77.5304644
44,Veera Sindhura Lakshamana,RR Nagar,12.9918293,13.006388,77.5040403,77.5282047
45,Vijayanagara Krishnadevaraya,RR Nagar,12.9697604,12.9985437,77.5046945,77.5263012
46,Sir M. Vishweshwaraiah,RR Nagar,12.9665365,12.9902484,77.4931963,77.5122839
47,Nalvadi Krishnaraja Wadior Park,RR Nagar,12.944315,12.970135,77.4843677,77.5050778
48,Jnana Bharathi,RR Nagar,12.92144,12.9742186,77.497189,77.534878
49,Rajarajeshwari Nagar,RR Nagar,12.8924035,12.9298601,77.5027955,77.5402917
50,Marappana Palya,West,13.0114867,13.0263682,77.537431,77.5540952
51,Nagapura,West,12.9974173,13.013883,77.5406935,77.5544931
52,Mahalakshimpuram,West,13.0021519,13.0130313,77.534612,77.5513157
53,Nandini Layout,West,13.0091381,13.0221465,77.5294137,77.5397223
54,Jai Maruthinagara,West,13.0025815,13.0131725,77.5276357,77.5388994
55,Puneet Rajkumar,West,12.9977485,13.0064478,77.5278141,77.5411699
56,Shankar Matt,West,12.994423,13.0007985,77.5238016,77.5411396
57,Shakthi Ganapathi Nagar,West,12.9909214,12.9969327,77.5222181,77.5398294
58,Vrisabhavathi Nagar,West,12.9838287,12.9930018,77.520061,77.5316036
59,Mattikere,West,13.0206925,13.0419756,77.5572973,77.5650241
60,Aramane Nagara,West,12.99469,13.0382211,77.560617,77.5962538
61,Malleswaram,West,13.0054461,13.0288598,77.5538883,77.5692503
62,Subramanya Nagar,West,13.0004827,13.0156602,77.5532354,77.5615042
63,Gayithri Nagar,West,12.9933694,13.0018831,77.5527034,77.5683296
64,Kadu Malleshwara,West,12.9966144,13.0084357,77.5601378,77.5787962
65,Rajamahal Guttahalli,West,12.9972352,13.0063678,77.5722134,77.5841864
66,Radhakrishna Temple Ward,East,13.0265106,13.0474316,77.5621118,77.5801045
67,Sanjaya Nagar,East,13.0229365,13.0476505,77.5716424,77.5905723
68,Vishwanath Nagenahalli,East,13.0304463,13.0416334,77.5896931,77.6102792
69,Manorayanapalya,East,13.0268521,13.0392329,77.5962599,77.6081678
70,Hebbala,East,13.0262314,13.0404608,77.5859299,77.5993663
71,Chamundi Nagara,East,13.0150565,13.0332448,77.5914364,77.6006707
72,Ganga Nagar,East,13.0172456,13.028704,77.5839181,77.595477
73,Jayachamarajendra  Nagar,East,13.0055883,13.0255767,77.5839284,77.6009439
74,Kaval Bairasandra,East,13.0085176,13.0382057,77.5953914,77.6133014
75,Kushal Nagar,East,13.0148977,13.033409,77.608018,77.6191101
76,Muneshwara Nagar,East,13.0101579,13.0194911,77.607479,77.617314
77,Devara Jeevanahalli,East,13.010929,13.0174393,77.6016337,77.611404
78,S K Garden,East,13.0018607,13.0132034,77.6014591,77.6148712
79,Sagayarapuram,East,12.9999646,13.0107585,77.6120147,77.6226578
80,Pulikeshinagar,East,12.9871822,13.0064079,77.5965769,77.6201827
81,Horamavu,Mahadevapura,13.0249237,13.0851523,77.6370893,77.6723629
82,Babusab Palya,Mahadevapura,13.0129774,13.0337293,77.6327156,77.6631801
83,Kalkere,Mahadevapura,13.0167449,13.0525491,77.6595341,77.6885872
84,Ramamurthy Nagara,Mahadevapura,13.0033735,13.019985,77.6622826,77.6827224
85,Vijinapura,Mahadevapura,12.9974841,13.0119664,77.6632708,77.6771033
86,K R Puram,Mahadevapura,13.0006853,13.0227289,77.6743752,77.7155234
87,Medahalli,Mahadevapura,13.0140064,13.0341131,77.6781445,77.7249051
88,Basavanapura,Mahadevapura,12.9993079,13.0286895,77.6993523,77.7301164
89,Devasandra,Mahadevapura,12.9911972,13.0083521,77.6768101,77.7042375
90,Mahadevapura,Mahadevapura,12.9738862,13.0003705,77.674256,77.6958493
91,A Narayanapura,Mahadevapura,12.9854911,13.0007072,77.6627907,77.6773734
92,Vijnana Nagar,Mahadevapura,12.9627393,12.97558,77.665388,77.6868431
93,HAL Airport,Mahadevapura,12.9444438,12.9720309,77.6490392,77.6896353
94,Hennur,East,13.0277725,13.0455085,77.6102792,77.6449397
95,Nagavara,East,13.026201,13.0376194,77.6128189,77.6254365
96,Kadugondanahalli,East,13.0177844,13.0320498,77.6125417,77.62853
97,Venkateshpura,East,13.0089094,13.020571,77.6153416,77.6232772
98,Kacharkanahalli,East,13.0091033,13.0299265,77.6215399,77.6354224
99,HRBR Layout,East,13.0116409,13.0277538,77.6292273,77.6452066
100,Banasavadi,East,13.0058151,13.0234718,77.6418789,77.6623278
101,Kammanahalli,East,13.0039692,13.0144104,77.6328946,77.6430872
102,Lingarajapura,East,12.9979601,13.0134706,77.6195461,77.63362
103,Maruthi Seva Nagar,East,12.9926822,13.0062739,77.6223954,77.6427192
104,Kadugodi,Mahadevapura,12.9722033,13.0152384,77.751072,77.7769134
105,Belathur,Mahadevapura,12.9758601,13.0819932,77.6469082,77.763831
106,Hudi,Mahadevapura,12.9764193,13.0109332,77.704964,77.7395531
107,Garudachar Playa,Mahadevapura,12.9807455,12.9995316,77.6885086,77.7129834
108,Dodda Nekkundi,Mahadevapura,12.9554204,12.9881362,77.6840043,77.7117813
109,AECS Layout,Mahadevapura,12.9558834,12.9732265,77.7011403,77.7183777
110,Whitefield,Mahadevapura,12.9461708,12.9841775,77.7083327,77.7519982
111,Hagadur,Mahadevapura,12.9561953,12.9851948,77.7462586,77.7843613
112,Varthuru,Mahadevapura,12.9065679,12.9626937,77.7033746,77.7703603
113,Munnekollala,Mahadevapura,12.9086784,12.9566115,77.6854211,77.7254491
114,Marathahalli,Mahadevapura,12.923984,12.9570756,77.6845604,77.7068302
115,Bellanduru,Mahadevapura,12.921842,12.953956,77.6397392,77.6978564
116,Doddakanahalli,Mahadevapura,12.8929006,12.9298005,77.6537857,77.708363
117,C V Raman Nagar,East,12.9790492,13.012389,77.6435539,77.6683637
118,Lal Bahadur Nagar,East,12.9907797,13.0100629,77.636339,77.6617999
119,New Bayappanahalli,East,12.9814756,12.9999646,77.6167804,77.6485097
120,Hoysala Nagar,East,12.9737725,12.9857485,77.6243124,77.6467163
121,Old Thippasandra,East,12.9631785,12.9868514,77.640897,77.6554316
122,New Thippasandra,East,12.9671922,12.9857418,77.6469617,77.671011
123,Jalakanteshwara Nagara,East,12.972709,12.9863888,77.6681952,77.6804387
124,Jeevanbhima Nagar,East,12.9460134,12.9680789,77.6407726,77.6619648
125,Konena Agrahara,East,12.9525252,12.9632595,77.6525632,77.663582
126,Ramaswamy Palya,East,12.9942411,13.0094266,77.5951977,77.6087691
127,Jayamahal,East,12.9837341,13.0112171,77.5917303,77.6071802
128,Vasanth Nagar,East,12.9758613,12.9994627,77.5747918,77.6022251
129,Sampangiram Nagar,East,12.9621669,12.9879094,77.5810865,77.6154398
130,Bharathi Nagar,East,12.984845,12.9935376,77.6053638,77.6173005
131,Ulsoor,East,12.9724789,12.9886219,77.610114,77.6284956
132,Dattatreya Temple,West,12.9919084,13.0033721,77.568493,77.5808387
133,Gandhinagar,West,12.9718941,12.9938375,77.569173,77.5844508
134,Subhash Nagar,West,12.968797,12.9968594,77.5644236,77.5727133
135,Okalipuram,West,12.9756265,12.9885361,77.5592493,77.5681493
136,Binnipete,West,12.9646969,12.9799501,77.5544935,77.5642565
137,Cottonpete,West,12.9663851,12.975856,77.5603256,77.5748959
138,Chickpete,West,12.9665079,12.974286,77.5702443,77.5829786
139,Dayananda Nagar,West,12.9881827,12.9939778,77.5600732,77.5679379
140,Prakash Nagar,West,12.9826612,12.9986471,77.5530547,77.5618578
141,Rajaji Nagar,West,12.989857,12.9981818,77.5424831,77.5579184
142,Sriramamandir,West,12.9770326,12.9910113,77.5490234,77.5617291
143,Shivanagara,West,12.9843365,12.9934689,77.5451699,77.554415
144,Basaveshwara Nagar,West,12.9850145,12.999385,77.5384468,77.5460202
145,Kamakshipalya,West,12.9806469,12.9925753,77.5287389,77.5402058
146,Dr. Raj Kumar Ward,West,12.9729012,12.9857078,77.5378035,77.55527
147,Agrahara Dasarahalli,West,12.9754735,12.987915,77.5367851,77.5434412
148,Govindaraja Nagar,West,12.9729586,12.9820024,77.5260733,77.5404387
149,Kaveripura,West,12.9762662,12.9869045,77.5182251,77.5323874
150,Marenahalli,West,12.9674802,12.9766758,77.5211879,77.5385928
151,Maruthi Mandir ward,West,12.961679,12.9719859,77.5222686,77.5361789
152,Mudalapalya,West,12.9679993,12.9773341,77.5172965,77.5286996
153,Nagarabhavi,West,12.9493049,12.9701902,77.5110418,77.524103
154,Chandra Layout,West,12.9400753,12.9591367,77.5117838,77.5286312
155,Nayandahalli,West,12.9357881,12.9530107,77.5127159,77.5280188
156,Kempapura Agrahara,South,12.9688899,12.9757362,77.55192,77.5587121
157,Vijayanagar,South,12.968223,12.9755735,77.5392182,77.5544722
158,Hosahalli,South,12.9651467,12.9731596,77.5375894,77.5545012
159,Hampi Nagar,South,12.9528565,12.9714247,77.5340007,77.548503
160,Bapuji Nagar,South,12.9545294,12.9639934,77.5389846,77.5479139
161,Attiguppe,South,12.9499596,12.965991,77.5193217,77.5375233
162,Gali Anjenaya Temple ward,South,12.9458683,12.9571996,77.5267921,77.5444888
163,Veerabhadranagar,South,12.9336581,12.9498733,77.5263836,77.5435503
164,Avalahalli,RR Nagar,12.9421531,12.9577277,77.5415869,77.5502937
165,Chamrajapet,West,12.9531317,12.9683525,77.5544882,77.578055
166,Chalavadipalya,West,12.9603346,12.9682128,77.5620057,77.5702213
167,Jagajivanaram Nagar,West,12.9604407,12.9691763,77.5507624,77.5661758
168,Padarayanapura,West,12.9574496,12.9672766,77.5485029,77.5571048
169,Devaraj Urs Nagar,West,12.9565688,12.9651467,77.543865,77.5524495
170,Azad Nagar,West,12.9497889,12.9594024,77.5484052,77.5592943
171,Sudham Nagara,South,12.9515385,12.9625815,77.5735288,77.5948186
172,Dharmaraya Swamy Temple Ward,South,12.9577303,12.9718429,77.5745144,77.5911682
173,Sunkenahalli,South,12.9392987,12.9571316,77.5614951,77.5738011
174,Vishveshwara Puram,South,12.9435881,12.9573584,77.5685355,77.5935023
175,Ashoka Pillar,South,12.9351627,12.9487391,77.5737713,77.5941676
176,Someshwara Nagar,East,12.9282947,12.9474349,77.5908594,77.6016984
177,Hombegowda Nagara,South,12.9421388,12.9569417,77.5883267,77.6034558
178,Domlur,East,12.9515337,12.9733933,77.6249684,77.6437545
179,Jogupalya,East,12.9680316,12.9781321,77.6222891,77.6411021
180,Agaram,East,12.9163445,12.9732196,77.6115533,77.6632856
181,Shantala Nagar,East,12.9581784,12.9807482,77.593953,77.62052
182,Shanthi Nagar,East,12.9497299,12.9624038,77.5922256,77.609573
183,Neelasandra,East,12.9489659,12.9666471,77.6008597,77.6171054
184,Vannarapete,East,12.9521556,12.9624571,77.6117603,77.625808
185,Ejipura,South,12.9336832,12.9516637,77.620761,77.6356793
186,Koramangala,South,12.9210864,12.9500394,77.6185563,77.641901
187,Adugodi,South,12.9227091,12.9459956,77.6076004,77.624089
188,Lakkasandra,South,12.9366541,12.9505089,77.5972553,77.6193189
189,Suddagunte Palya,South,12.9197543,12.9425478,77.6004345,77.6138207
190,Madivala,South,12.9195949,12.9348507,77.6086922,77.6192126
191,Jakkasandra,South,12.9159465,12.925339,77.6202617,77.6399248
192,BTM Layout,South,12.90623,12.9228596,77.6072326,77.6226437
193,N S Palya,South,12.9046087,12.9167278,77.5998827,77.6139846
194,Gurappanapalya,South,12.916554,12.925619,77.5998947,77.6088996
195,Tilak Nagar,South,12.9225491,12.933221,77.5889355,77.6051047
196,Byrasandra,South,12.9204579,12.9366699,77.5796066,77.6002216
197,Shakambari Nagar,South,12.9104835,12.9235586,77.5729098,77.5951393
198,J P Nagar,South,12.9011047,12.9205008,77.5857024,77.6018607
199,Sarakki,South,12.9037377,12.9144709,77.5729011,77.596075
200,Yediyur,South,12.9293853,12.9406279,77.5666911,77.5849089
201,Umamaheshwara Ward,South,12.9155022,12.9319486,77.5686514,77.5797097
202,Ganesh Mandir ward,South,12.9160691,12.9307133,77.5544696,77.5705263
203,Banashankari Temple ward,South,12.9064694,12.9185179,77.5656161,77.5735409
204,Kumaraswamy Layout,South,12.9043983,12.9197065,77.557988,77.5702127
205,Vikram Nagar,South,12.894126,12.9110209,77.5482474,77.5650079
206,Padmanabha Nagar,South,12.9086253,12.9221872,77.5470028,77.5634343
207,Kamakya Nagar,South,12.9150656,12.9264092,77.5450903,77.5562531
208,Deen Dayalu Ward,South,12.9175188,12.9305704,77.5383229,77.5483606
209,Hosakerehalli,South,12.9229681,12.9364664,77.5330958,77.5433944
210,Basavanagudi,South,12.9299486,12.9436811,77.5626679,77.5738666
211,Hanumanth Nagar,South,12.9334415,12.9536826,77.5556502,77.5674681
212,Srinivasa Nagar,South,12.9349931,12.9508303,77.5527667,77.5601875
213,Srinagar,South,12.9341575,12.9522835,77.5476508,77.5562798
214,Girinagar,South,12.9305285,12.9483995,77.538649,77.5524588
215,Katriguppe,South,12.9250942,12.9359969,77.5434413,77.5565281
216,Vidyapeeta ward,South,12.9235895,12.9361894,77.5504962,77.5640222
217,Uttarahalli,Bommanahalli,12.9013436,12.9183268,77.538191,77.5558187
218,Subramanyapura,South,12.8791862,12.9192492,77.5157231,77.5491059
219,Vasanthpura,Bommanahalli,12.875197,12.9093377,77.5439639,77.5643098
220,Yelachenahalli,Bommanahalli,12.8976534,12.908694,77.5600927,77.5734274
221,Konanakunte,Bommanahalli,12.8659284,12.8992404,77.5499668,77.5716942
222,RBI layout,South,12.8822166,12.8972454,77.5688767,77.5917963
223,Chunchaghatta,South,12.8655621,12.8884444,77.5699256,77.5909791
224,Anjanapura,Bommanahalli,12.8389719,12.8838114,77.5443181,77.5803173
225,Gottigere,Bommanahalli,12.8370468,12.8729652,77.5731382,77.5966923
226,Kalena Agrahara,East,12.8334905,12.8864675,77.581993,77.632341
227,Begur,Bommanahalli,12.8511376,12.8927647,77.6186567,77.6575507
228,Naganathapura,South,12.8581624,12.8855757,77.6537401,77.6753249
229,Ibluru,Bommanahalli,12.890999,12.9312812,77.6422297,77.6689328
230,Agara,East,12.9002854,12.9246948,77.6350352,77.6518442
231,Mangammanapalya,Bommanahalli,12.8939068,12.907334,77.6322369,77.6454675
232,HSR - Singasandra,Bommanahalli,12.8689737,12.9176841,77.6226534,77.6577015
233,Rupenaagrahara,Bommanahalli,12.8695355,12.9172952,77.6204243,77.6536094
234,Hongasandra,Bommanahalli,12.8935671,12.9037134,77.6229558,77.634186
235,Bommanahalli,Bommanahalli,12.894014,12.9087672,77.6169539,77.6279735
236,Devarachikkanahalli,Bommanahalli,12.8860979,12.8989928,77.6124127,77.6355095
237,Bilekhalli,Bommanahalli,12.8883505,12.915319,77.5981111,77.6212156
238,Arakere,Bommanahalli,12.8786791,12.8928867,77.5881745,77.6187058
239,Hulimavu,Bommanahalli,12.864655,12.8872775,77.5860831,77.6183164
240,Vinayakanagar,South,12.8890596,12.9086958,77.5818074,77.6094625
241,Puttenahalli - Sarakki Lake,Bommanahalli,12.8917938,12.9055772,77.5745633,77.5889737
242,Jaraganahalli,Bommanahalli,12.8940043,12.9064798,77.5684136,77.5806287
243,Kudlu,Bommanahalli,12.8803801,12.8947887,77.6434812,77.6738291
